{
    "sensor_data": [
        {
            "accelerometer": {
                "x": -6.081272216796875,
                "y": 6.030993981933594,
                "z": -4.472368701171875
            },
            "gyro": {
                "x": -3.9236641221374047,
                "y": -0.8702290076335878,
                "z": 0.07633587786259542
            }
        },
        {
            "accelerometer": {
                "x": -5.973533142089844,
                "y": 6.002263562011718,
                "z": -4.441244079589843
            },
            "gyro": {
                "x": -4.145038167938932,
                "y": -0.9083969465648855,
                "z": 0.19083969465648856
            }
        },
        {
            "accelerometer": {
                "x": -6.909665991210937,
                "y": -0.40222587890625,
                "z": 6.179434484863281
            },
            "gyro": {
                "x": -7.290076335877862,
                "y": 12.16030534351145,
                "z": -6.816793893129771
            }
        },
        {
            "accelerometer": {
                "x": -5.279214660644531,
                "y": 6.787561706542968,
                "z": -4.295197778320312
            },
            "gyro": {
                "x": -4.404580152671755,
                "y": -0.8778625954198473,
                "z": -4.404580152671755
            }
        }
    ]
}