{
    "accelerometer": {
        "x": -5.9376201171875,
        "y": 6.050147595214844,
        "z": -4.493916516113281
    },
    "gyro": {
        "x": -4.038167938931298,
        "y": -0.5801526717557252,
        "z": -1.8931297709923665
    }
}